ID,Group,Feature_1,Feature_2,Feature_3
ID763,C,2391.263347014354,380.6823912558944,908.6714020033055
ID204,C,2499.4679610384496,404.7001815403197,348.4456891932673
ID734,C,2843.8818428287295,412.04921673224084,-76.82546098916418
ID422,B,2751.208037125363,424.3927128187968,7830.306242292298
ID559,C,2439.267884991525,395.28543793695786,852.5017454408744
ID432,A,2473.5826362561525,422.68773882289616,8528.930373926634
ID337,B,2564.6164742962505,389.729032449681,7556.887622569007
ID347,C,2062.5307902822715,381.65532123973713,1342.8333582524365
ID774,C,2791.2584397808664,395.9021563322871,-141.2769692143679
ID142,B,2593.3114168299044,383.00756685791134,8161.459309305341
ID892,B,2979.387767202124,390.89267969059586,8360.116022489181
ID898,B,2388.4528106543808,401.07132623557095,7212.879630261253
ID345,B,2170.014752125298,394.8756385936905,6930.7610570211
ID290,A,2394.8422627982936,403.6846623499787,7607.962486117293
ID853,B,2421.8877957124914,404.4207258263108,6967.184254108934
ID581,C,2072.023786329582,414.1457755671759,670.3403052144308
ID602,A,2379.2250483675593,396.7888524599364,7534.629148663889
ID179,A,2650.795438040991,400.13515753788,8457.55140863093
ID584,A,2444.087491430602,387.2919670044399,8245.54594611735
ID707,A,2212.6991943197286,409.441357616667,7450.2913566997095
ID154,A,2533.0925006242123,419.96518977570594,7487.2744991391655
ID442,A,2637.737047127327,403.37661603122257,7807.520976954839
ID849,C,3212.903176141892,414.99567273694737,-39.32725284096614
ID119,A,2460.0029863454997,407.8877678513279,7725.989724815454
ID790,A,2122.555751165024,413.2341860394299,7000.72263740408
ID619,C,2538.2611724977833,412.56382455917026,-79.756153070035
ID488,C,2159.148201837287,406.5364421638535,623.2392060951117
ID554,A,2924.058680072169,404.4406709867845,9261.038628221855
ID259,A,2290.8341888098976,402.2618157211177,6951.861249455978
ID873,B,2561.8243725001284,416.3854210162971,8012.598600119261
ID697,B,2280.499493540092,375.46750530149956,6915.521786806937
ID701,C,2292.424842000711,388.73065266832003,456.05709779870267
ID416,C,2538.9624660713616,411.0057456846961,434.65204106063084
ID338,B,2796.7130878129105,405.8387635210394,8177.365323497905
ID224,B,2545.250232677009,412.2666053245096,7185.292338505153
ID227,C,2245.4283718110933,423.2025400891711,409.661831381733
ID107,B,2016.2781175276978,396.604703163623,6044.593438204203
ID127,A,2909.1615192144454,398.34255737208184,9157.462492973897
ID309,B,2638.7912694253773,380.4956671585639,7972.168032604723
ID477,C,2382.9267666702767,370.93961357139324,699.928635451221
ID655,B,2563.260391021982,399.4350100638425,7718.236990925323
ID257,A,2541.4851095627228,400.67051027076207,8256.283621165829
ID261,C,2258.0781300746416,391.914334900805,659.8399494013606
ID181,B,2327.822943726253,412.0331672114855,6978.710004669707
ID313,B,2837.6773299719016,388.5984081163175,8095.153627285825
ID141,C,2775.1114832073563,410.2262769759422,578.9724811333022
ID434,B,2716.86805582313,396.7473373355547,7828.955784961161
ID757,C,2325.617992820234,405.95256477728844,927.6595732672208
ID156,A,2282.471188602863,394.6569943507389,7893.749742066025
ID893,B,2280.5912874440537,393.00970316870337,7052.483607440057
ID310,A,2529.8526431674245,400.4058255857473,7507.159233198616
ID272,B,2522.9569107583266,419.81321553667607,7897.36295118737
ID117,B,2840.8920844541235,393.0217160472023,8468.666412951923
ID794,B,2164.4186784820213,416.23383275420747,7104.368169998757
ID459,C,2080.281929910302,401.18495046877325,1001.889860868291
ID408,A,2078.2093398038523,390.87903624016076,6551.601139929638
ID489,A,2834.5838484664314,390.5468035405135,9006.314444802978
ID125,B,2611.422956482731,392.0280983023492,7662.570147550132
ID476,C,2244.708554574628,388.72424441221096,348.0533606524684
ID134,B,2036.8386653238886,392.7368074106686,6511.345197414764
ID403,A,1772.5509619624559,422.31886221005095,5237.876766530178
ID212,C,2624.3716972939496,395.3558062684459,-82.49257364057621
ID878,C,2703.3878081065554,391.4192155092244,501.91468591672265
ID640,B,2080.484880333141,406.5787366920281,7173.967852643065
ID366,C,2546.416995332086,388.83809729685214,480.5854987569569
ID220,B,2412.351255940797,416.25828538994915,7304.822480121705
ID710,B,2117.8680796061108,383.9847101231453,7060.738795579338
ID616,C,2485.712862539543,404.4981319009476,252.20653444221716
ID333,A,2511.199089688633,424.6904022014945,7816.8363882654385
ID547,A,2390.1282017925455,397.45375707010203,7275.430672281166
ID455,B,2419.892653478317,411.21521797555613,7131.300199500998
ID534,A,2653.101277965668,394.3225204562238,8347.869741023002
ID180,C,2687.821372269479,402.56879365018165,247.41743842593314
ID254,A,2600.8956349890004,388.15716495085445,8293.564312894967
ID556,A,2623.99497298072,377.00214540143213,8447.97843461142
ID496,A,2335.640262984597,406.7372330809421,8161.463861117883
ID176,B,2362.841104767108,414.2051935365066,7096.911772042447
ID359,B,2698.483632248091,391.74212457220887,7552.684174681621
ID284,B,2420.172990966255,389.59401695159215,7439.157482445471
ID814,C,2938.874979818289,383.7845741068353,-519.4897838399611
ID226,C,2493.410748907526,377.0984438649514,295.29496768967147
ID654,A,2847.359001425672,398.738091941736,8964.270411276833
ID676,C,2545.144392920039,428.77934635853313,621.6481644822898
ID108,A,2627.584857996834,424.8461817873847,7703.02991318012
ID698,B,2595.800600492839,386.9202583758788,7542.9176644182335
ID274,A,2003.7666892899435,387.66679973749046,6604.531968060446
ID285,B,2716.3716106886086,392.05648866664524,7855.914818786599
ID208,C,2542.33242950409,405.05843053839726,255.82795083786004
ID809,C,2224.961034244495,398.16836104153526,594.9119218586534
ID207,C,2318.528840837683,414.4966677947989,909.9830452992517
ID388,B,2777.498997586646,408.6360812164346,7972.148974565344
ID152,B,2664.923907024674,403.91219129689097,7807.0766722602
ID576,B,2561.2441553070416,394.58901998231954,7602.443086789484
ID682,A,2576.3866753089965,390.16776542538173,8242.388870399953
ID214,B,2488.6387274539725,401.3141151986016,7369.4525933806835
ID262,C,2576.777619058027,385.4153387542839,-253.12048036819488
ID308,B,2186.1966446530814,416.91877303400645,6903.052921516772
ID316,B,2348.32468940122,398.920351692486,7134.410832872739
ID195,C,2106.44734555397,365.70209952214,1030.83035950383
ID360,B,2718.079900800892,399.81733707941237,7602.482138025362
ID132,B,2843.421074533268,378.67161384053566,8374.860920766288
ID209,A,2455.7856850223798,385.4246669267574,7371.965402468861
ID399,B,2317.453198576021,413.5740822561993,7274.568873534699
ID424,A,1992.2467564314195,367.1834648857781,6801.766669845381
ID538,B,2539.7299243081466,376.00420144159506,7086.284285064824
ID193,A,2905.060499617511,408.5599907072289,9395.78090614322
ID649,A,2570.654736346329,396.4429377360554,7924.09161031144
ID627,B,2533.7952597316166,393.9425121643127,7333.546229916477
ID158,A,2722.7684629057053,390.6113335747055,8965.001728622756
ID319,A,1739.8405408838416,397.92140367514327,5830.3561901121075
ID764,C,2258.8909038515385,395.8889321360502,462.735268986813
ID161,A,2790.8421551995193,405.0265832622384,8799.465275691517
ID203,B,2838.4027392390312,411.9394972354442,8585.696987989424
ID693,B,2831.716655585546,398.36753816916104,8156.1310803144315
ID264,C,2262.6998357597104,399.5997237270475,1441.9931150642592
ID509,C,2475.529556570368,399.5585188193187,655.3922537442513
ID305,C,2740.0619090370483,385.8383783106864,552.1685379985533
ID662,A,3029.076984290541,401.3630054821999,9680.41904878837
ID121,C,2483.158001609414,362.85888200373404,294.94907735061724
ID721,B,2158.1140604312504,404.77132448694476,7006.008065188136
ID692,A,2372.1044387237157,421.0804875086699,7234.223831389937
ID405,C,2488.2913362271584,392.1681587766849,582.5683362908921
ID380,C,2273.502757653919,408.68475568896616,748.289848059138
ID371,C,2473.573562271889,402.50653337286195,325.9450227923412
ID168,A,2752.7639915468417,381.4230612782012,8894.868317508004
ID541,C,2560.390974633779,393.45911699147155,30.670582626138184
ID641,C,2584.5089110810027,392.6758653042545,-80.80102788766317
ID382,A,2246.094709816479,387.0355792718807,7402.921208237039
ID683,B,2230.689614633899,385.70997183072,6856.128155015072
ID883,C,2440.019084134848,408.1420299323723,210.0175597088014
ID733,A,1945.1350896365384,405.60875800885697,6403.135862613071
ID823,A,1900.609436317041,399.08306722795413,6403.645420263452
ID766,B,2705.4188260512683,388.74127757379557,7982.199379109386
ID571,C,2736.8691548300176,404.07457250124213,549.6754813820135
ID222,C,1863.489718625735,419.75967252281276,807.7132780867964
ID788,B,2308.531106810254,387.3700812548508,7064.481627273857
ID128,A,2773.370791115466,388.0267250711723,8781.561972909109
ID233,B,2173.6424571689677,402.16385566152104,7060.098552705834
ID590,A,2359.10622317286,400.65877426411913,7343.134087761118
ID402,A,2870.8311491537474,380.5330461327949,8907.17770549394
ID163,B,2433.520649745769,407.68937051888406,7363.016396622896
ID136,A,2055.9572458721786,392.9439760757723,6692.318510028022
ID318,A,2628.896844889379,388.5971313472576,8349.872808681723
ID798,C,2522.048977214914,408.9624349150815,563.4888311471836
ID270,B,2970.3085474635336,404.02165527367663,8169.632228536993
ID867,B,2728.791629953029,413.6069242295423,7986.234165973663
ID808,C,2768.1099886190236,396.79187092757877,492.50714959899506
ID667,C,2956.493398892996,398.6485866630562,207.35264458713573
ID139,B,2659.3029590652814,412.3094692053015,8281.475579670576
ID363,A,2585.566321320994,398.89538615124127,8659.93733081909
ID368,C,2667.36326957446,398.14990144355494,-277.70634625650587
ID297,A,2865.3871010692683,393.91174837034515,9145.971073006076
ID799,C,2644.4587428794944,371.53622083170274,-72.36740260184388
ID521,A,2962.8644469597702,401.6418112338404,8608.040035217502
ID803,A,2434.9517503077113,395.69461673218916,7243.420392446458
ID563,B,2725.2933268348525,382.3924295552549,7960.282326315336
ID583,C,2770.5334230232434,399.05197699939237,284.56358826478163
ID105,C,2512.255937756379,406.2856467832278,406.83367674485726
ID532,B,2642.13200251918,387.6236663263447,7267.930470993466
ID450,C,2500.323786596214,412.27927588604445,372.7646285572996
ID384,C,2346.8204211531643,378.47644342505185,708.1084772144873
ID516,C,2661.54669262867,393.68335801939816,94.34040068265631
ID266,B,2388.0738817154534,389.8832021564965,7067.2803100868
ID395,A,2480.9251297954825,400.4424730047142,7714.452761798004
ID536,C,2328.1181428818336,402.89556749313874,390.1879841888101
ID498,A,2756.8523365155293,388.80340496460553,8595.700743670095
ID191,C,2077.5381032823116,398.84039077071594,586.9769281558476
ID897,C,2805.61493100571,395.90062162756044,42.05324704870054
ID508,A,2411.1761598101953,396.1370307687398,8131.192038123432
ID630,B,3032.174194653238,400.21561441876895,8067.753171100308
ID787,B,2470.857060737403,397.8298070311214,7890.446053966112
ID370,B,2301.7339162119843,400.3092147089731,7561.443321279243
ID753,C,2411.7342220792616,396.2661892375483,103.50173023874527
ID106,B,2629.508708067571,407.57934027356276,7682.391651800532
ID393,C,2231.3280478491624,445.3129307952525,613.0567467146404
ID216,C,2697.008054446934,390.2149825249615,518.1000884670907
ID659,A,2076.413275647399,393.11937976435064,7000.244842510427
ID482,B,2025.952297124737,391.887491266077,6343.516902798532
ID301,C,2657.157356178921,388.73638488242096,-580.221128944193
ID404,B,2280.745988157658,383.4550736828503,7458.588100296662
ID593,C,2732.7628090493436,411.8513680351895,352.3744947849136
ID801,C,2716.2469227660854,389.17750736936125,918.5491390796201
ID548,C,2442.9498717467545,375.358677483626,444.0170255996604
ID413,A,2451.069050012623,398.5910832801533,8411.680243230552
ID545,C,2659.0498607607715,384.73249303915793,-237.36685178681296
ID852,A,2325.1718494817655,433.38797442984065,7669.407930903492
ID804,A,2394.16388424082,403.10171012633066,7581.816300909024
ID665,A,2436.3601597598163,355.9893074687394,7685.723755955553
ID560,B,2548.112942278751,378.90462399263663,7734.345261747509
ID325,A,2643.0262982704708,398.63227654677485,8826.1930835143
ID589,A,2177.1271532138353,386.41793118718334,6831.2930551523
ID240,A,2573.1682268702825,406.73816942611137,7860.697034379122
ID696,A,2668.0398584722593,401.5394988313723,8712.407887133064
ID228,B,2821.5196943244255,397.9671673602686,7904.670256703246
ID300,A,2591.169318967216,405.7574374993138,8272.425288809134
ID230,C,2291.8966092557366,384.0370871616768,739.7282379608823
ID731,B,2194.0650173657973,385.63750187474335,6604.073078352887
ID578,A,2832.069086176377,388.18345444398983,9350.003337293572
ID724,B,2400.2352100769067,386.8977787195158,7327.609918859454
ID454,C,3135.1284615852355,400.37513380084715,-594.7096040373108
ID642,C,2867.997665806005,407.4796117905573,-174.73337792370648
ID869,A,2287.5300579586683,374.4324829438405,7693.150939405959
ID231,B,2085.330112882981,398.38615758327364,7202.457027699693
ID670,C,2556.967256905605,378.84349210163725,-141.66733503524347
ID624,B,2356.653031131225,383.5285218938591,7782.744986707294
ID537,A,2273.5172298581106,393.6053027042409,7102.5509555917015
ID249,A,2335.341617098227,437.7826668858339,7371.843603592173
ID845,B,2864.1537854624385,398.3755570267768,7915.833251588666
ID469,B,2282.1632455199283,413.8543944478187,7143.602317204028
ID468,A,2432.2093328608166,411.6374587848219,7977.392503012172
ID244,C,2350.851018328199,390.16510430714817,76.27452214505047
ID585,C,2138.670099938991,382.2289217884507,477.63579355415027
ID304,B,2697.6837283589193,386.64711351517775,7518.294229512155
ID704,C,2488.911784689638,384.95637210725477,318.08452324509744
ID863,B,2124.6655669614015,400.9598160266593,6955.49084982333
ID410,B,2189.160699585657,401.3835714409169,6894.642191018784
ID324,C,2865.2509804192914,398.6821340217412,305.18011714760496
ID857,C,2354.829006781771,415.19984250202094,649.6397804899748
ID381,C,3208.6919460146523,407.34641383534324,-144.25659043019914
ID298,A,2872.4746677828225,422.06891116792593,8787.449383301751
ID574,B,2540.7881665263603,382.7153848933931,7218.515018377075
ID265,B,1969.4993756641597,384.9888280937219,6328.505010720228
ID481,B,2417.865015098623,424.81267070340215,7575.596603530026
ID618,A,2537.005195422733,396.7960034683472,8041.488928380815
ID595,A,2733.41780846058,400.97692833160096,8734.16509315285
ID278,B,2555.581884076332,401.7700350590839,7995.8272478100425
ID666,A,2208.7033195827826,418.0840478262819,6811.518786206514
ID479,B,2991.48852887468,399.8478919280623,8147.549057800285
ID286,A,2908.7078043938027,404.9625522070152,9396.54396421672
ID524,B,2878.81497634416,416.45548141739573,8080.91112623195
ID201,B,2763.029200273987,409.7898594138775,8038.686014593102
ID334,C,2361.2871520251733,389.1441459651635,539.5820106593526
ID506,C,2252.4620973779492,415.35178432341,666.8253749131836
ID848,C,2430.846831645718,401.31101581119475,676.8905392925283
ID751,B,2077.4476845141417,418.96154673579474,6708.260052987924
ID669,C,2277.5700125055723,397.2769689300223,698.7207558846992
ID544,C,2671.65510781044,408.26190241010363,571.0622993091333
ID626,B,2917.573068686501,407.4771240037589,8618.465727529061
ID875,B,2611.409484510022,403.4075928205408,7854.874239372266
ID346,B,2535.8306768111443,381.56187909588624,7489.078848284117
ID287,B,1936.1117632247533,381.10038308408093,6455.620072950811
ID187,A,2177.9541770604465,391.4800037507173,7019.218665404483
ID722,A,2960.6312514148167,404.0186348001438,8952.138918291106
ID441,A,2686.9294094697098,389.6542099671002,8955.74840601147
ID587,B,2532.9726976316106,390.3483356781165,7507.327547099647
ID664,C,2214.208832902685,391.6446173933877,418.70478339127203
ID307,C,2784.409204519532,408.1995525083538,528.7749786416312
ID269,A,2551.17482941759,401.329108731232,8459.03613749328
ID251,C,2794.7810533184534,385.5979902442215,-176.2736726478529
ID546,A,2838.718114499052,372.7945295512037,9078.333871193568
ID604,A,2342.697475773038,402.1544555691062,7376.568741636544
ID394,B,2414.6615571435923,423.4992235481765,7367.124098809375
ID694,B,2342.889770649851,422.81162140115384,7218.661085126464
ID126,C,2499.8460060421367,407.30117569486026,428.24995730726687
ID836,B,2833.6246325751013,417.08360735380035,8203.816389640338
ID400,B,2841.25181401455,395.66249804062574,8591.45311664283
ID433,A,3027.087558082285,378.3522376555611,9469.595928641265
ID383,A,2631.4982304150026,405.0120513172228,8400.778301590684
ID769,B,2513.7991758487215,377.17171375742896,7754.387196653479
ID375,A,2052.416398807762,403.4693107240174,6882.719176538305
ID336,A,2709.630600361049,404.03520187964943,8534.714024159344
ID838,B,2633.190294969995,392.68315023799227,7802.629783510734
ID114,B,2701.1700708745334,410.8151383791322,8228.932060600884
ID755,B,2322.3773927219236,404.60094093809465,7100.905255491202
ID607,B,2271.3781422942106,380.1744294027106,6677.185403771122
ID812,C,2518.4373915982505,418.32253087259846,208.3469476795235
ID160,C,2171.0704925743626,417.6549618924993,708.9481415880769
ID861,C,2389.4475603506376,435.7594941902161,-52.96743209521583
ID279,A,2572.5018486049225,415.17498375030254,8154.477671965118
ID173,B,2041.6831799571182,393.7401280967453,7141.008403993122
ID706,C,2156.359673681649,402.40662097512995,982.6157604688374
ID242,A,2527.6599425552363,388.15036536373407,7830.5751486351255
ID341,A,1845.198781933686,384.92880126286684,6639.585383716928
ID526,C,2872.1363220678145,404.2224344044354,203.97397194242922
ID540,B,1910.9476622681345,393.3213912479465,6236.725653552816
ID421,C,2389.3879901211208,405.78486010483,133.35563153886733
ID565,C,3154.3450751254613,382.33589069370055,-444.59675051896374
ID725,C,2247.6599155857893,379.24436054516815,252.8584145916866
ID783,C,2271.708143149749,406.58759574432054,753.393486793168
ID503,C,2089.2688307525336,376.25780223938125,483.08622994213056
ID854,C,2922.248555509606,394.95632477224973,508.0239286130236
ID840,C,2886.4828946397597,419.9210812873022,-141.43773479537958
ID367,B,2801.5802912414956,394.19450542506837,8911.110655863697
ID647,C,2360.1652760870293,377.03672066874833,250.98149365251948
ID789,A,2378.8232052898998,387.03014512440217,7694.912370291857
ID711,C,2549.651929648158,393.4630951843476,360.04182804853417
ID573,A,2355.7665780266884,426.52941781882225,7294.049023334939
ID116,A,2142.6335520964703,383.89989604073764,7073.798063011876
ID613,B,2676.401643762393,398.2359562098019,7766.498277653156
ID598,A,3038.930935554218,421.41454872860885,9454.769427558764
ID467,C,2493.602192814367,400.36863620600724,666.1664597070262
ID866,B,2875.1435151384767,388.4443103435069,8048.815971049979
ID542,A,2595.499583558628,403.294733925945,8618.611423420247
ID608,C,1983.3904114506458,370.72258010995506,664.3916826059965
ID513,A,2199.2374232981365,368.1048073883596,7043.0152860935395
ID397,B,2395.2018913665247,425.8758294005846,7262.413559024957
ID811,B,2216.913658539459,426.8083644952342,6989.869619184123
ID614,B,2605.895318813249,391.562800275508,7576.452954777576
ID673,C,2471.160827480813,370.8663760882448,-509.96000728708304
ID351,A,2889.584182923073,434.5458028804431,8871.55408337231
ID871,C,2539.746538520419,422.1020406320283,702.2713946218319
ID418,A,2914.945927922734,400.2898286825599,9007.680192042035
ID543,B,2340.951255229433,417.1445107924975,7117.077887700849
ID660,C,2456.415458363021,414.0745979205399,-42.354617889790916
ID328,A,2358.8518741795233,387.43553273009013,7764.648725753725
ID103,B,2196.8219610946912,390.6751897624165,6215.66141346995
ID686,A,2714.7942923568366,406.8233373033923,8843.52542443966
ID557,A,2432.2804213547206,389.37549893019946,7969.785447094405
ID889,A,2697.8644861073994,397.3207717026385,8827.00805049529
ID322,C,2294.8172376470516,399.0234479285943,607.2126488369111
ID312,B,2688.22545014259,388.4494881749149,8281.385764068924
ID464,C,2527.8625821741666,378.2391889181836,36.53214870685679
ID446,C,2795.43100784373,403.9244910077765,357.1670220259716
ID431,C,2705.7364455690426,387.2321939304428,-111.61599471475029
ID294,C,2699.245560850569,412.9014238120175,775.0536119589638
ID332,C,2252.8267446934397,386.18481676357067,1236.6327588084087
ID348,B,2834.6131910152735,419.1888017625186,7971.057044909099
ID609,B,2481.3996153622493,401.67776420603104,7633.833869007404
ID412,A,2655.475331122051,402.1150936479437,8525.843659356076
ID611,C,2803.680472800513,407.31467963342004,-127.90038326755439
ID219,B,2664.1360449981344,378.67322661857855,7798.208570145964
ID171,C,2352.2015589155494,406.73170042311966,579.8034608745027
ID834,A,2549.9148402006126,401.12157057662887,8348.038708284676
ID688,C,2602.472123382031,387.441015199514,113.3256233991392
ID392,A,2172.4658245242854,388.6638685232157,7279.928631410427
ID182,B,2724.1314168029653,410.8056343589732,7833.2885725966
ID597,C,2493.325186769993,403.28807540770066,643.9695493496192
ID465,C,2183.6609503030336,411.987075598132,682.7988759102072
ID713,B,2581.5383674080854,385.8630575400318,7086.979348819246
ID377,A,2136.681953998224,390.8334641290276,6900.109160816874
ID256,B,3164.325693799655,410.3805635963647,9122.521574427685
ID856,B,2398.636865197676,396.2035938910482,6927.2397279788365
ID514,A,2910.4389368732895,406.5164887131828,9562.728421328688
ID653,A,2780.797213442271,389.3957134638693,8654.66677214886
ID210,B,3006.9066323759675,381.5022099843372,8281.573465948957
ID350,A,2681.095565985492,393.0558141303851,8514.926723870525
ID217,C,2760.2474679131133,397.56364128710464,220.56096845059983
ID146,C,2474.5279533576763,407.6856571273882,1039.3876458606132
ID234,A,2120.5234169989717,427.02663732744145,6670.236817886953
ID462,C,2188.802936352116,411.12817806966865,783.6444636088472
ID444,C,3055.480495979996,385.86750130783406,60.51510683569268
ID440,B,2445.4313785305194,392.5527235820224,7665.921401858916
ID625,C,2726.7120846342045,394.1225057992197,169.38262813052552
ID505,C,2291.5209674532007,397.11541853219285,490.38369090488004
ID115,C,2066.7699280621355,410.5382924155814,481.7419055293494
ID658,C,2543.4243010643368,418.7405311167951,698.7354209054515
ID507,C,2605.823320644351,373.65237564003394,187.7314607706585
ID894,B,3053.9626201138417,392.07136957651653,8361.081032645205
ID599,B,2979.6231660620488,412.840916402388,8596.623456984576
ID874,C,2086.516683609474,405.96605344045,1173.658694275851
ID635,B,2966.908545260909,406.61914146723205,8439.173980595731
ID443,A,2725.346053936124,403.2376934616771,8551.677193918607
ID355,B,2265.1083937207104,375.25967818011446,7473.246064894346
ID797,C,2362.2425792291237,381.2098551341245,881.1917019594434
ID572,C,2596.489797098554,390.317198038781,307.5959934123334
ID745,B,2572.2817609915915,389.5339964712303,7369.729825495379
ID586,A,2617.1558223333045,399.1810167947803,8140.633257402564
ID656,B,2226.318227455802,359.1373793203357,6985.462226399304
ID837,C,2615.8159731179203,399.1437529034704,386.0417607939248
ID767,B,1997.8275423321845,380.6056866327616,6045.216315109511
ID651,A,2275.5672736517745,418.50964481773866,6827.819185826853
ID582,C,2332.210603416458,383.74635477305566,740.4743355561397
ID770,A,2272.9872989148785,416.24493967685885,7557.481200858656
ID888,B,2087.5128908559773,405.81157733204975,6338.552035290294
ID215,C,2030.5236195458024,374.7550032824648,1030.5892905089827
ID723,A,2644.0756261384904,398.1920893605111,8389.64627003819
ID784,B,2253.909925547635,389.60707143839136,6647.390381811359
ID610,B,2550.2857350949253,420.1836068486907,7698.194186055899
ID887,A,2697.5067843622833,391.50824258719473,8420.244377430967
ID232,B,2130.385608587427,389.96385725289593,6747.374349870357
ID530,A,2795.9588913665693,409.1953672490107,8465.370818426038
ID493,C,2568.6840407878394,420.03492640574393,537.0774216576533
ID271,C,2426.3403903663507,392.2725778921294,-10.835189368499641
ID291,A,2680.144878702482,412.24646961626263,8759.486610250558
ID646,C,2575.8402620085276,427.6504610416246,585.0278508675437
ID792,B,2835.074072982394,374.7876344815791,7919.024445041454
ID623,C,2307.682382579636,406.8164659852882,738.4027050820268
ID588,C,2518.0692360069706,402.12463522149744,493.9459667288329
ID241,A,3237.4165626034082,390.53943574154584,9970.821868204115
ID281,B,2394.477396355139,395.76480817932764,6595.634042300212
ID414,A,2811.419921289899,413.88517147275513,8853.996705599258
ID376,A,2378.359385378478,423.70245968341015,7611.013598138265
ID519,B,1671.284923226011,395.0109663715891,5501.834329559336
ID343,A,2898.5461349495736,401.7760956105032,9339.50034823455
ID795,C,2860.5926535849458,423.9903020658175,310.10437830370256
ID785,A,2409.099054662381,419.4443938542979,7664.120913960877
ID452,C,2623.054163559276,399.0719060654543,226.18068444309074
ID822,A,2081.527058572252,385.82053401858207,6417.570885947586
ID172,C,3066.2614428292486,393.07733607547254,-0.36527742054158807
ID831,C,2395.39851941656,384.9594089376944,868.5465205131875
ID166,C,2685.2296735598384,396.39881168976535,397.9317378809901
ID484,B,2583.008364953476,421.15715212719346,7597.985372233525
ID681,B,2151.1490007348484,385.45168443027933,7002.797801130502
ID170,B,2444.070765042662,372.7908775799242,7694.289639505167
ID213,C,2937.383073961195,391.64757216177003,-199.10608913983515
ID638,C,2212.017696935189,393.250177870995,847.4177210446803
ID773,B,2359.7708564810437,392.2698439079115,7525.106613784634
ID621,A,2174.7542283214784,399.7237126727152,7692.781157822339
ID303,A,2846.989368691405,383.6284505307721,9367.857157722932
ID276,A,3112.6659585415373,379.43533427573215,9890.575228582347
ID200,A,2473.8321906254578,412.44986328358726,7683.498506115851
ID292,A,2166.8681493925114,373.6039185009065,7013.175974381114
ID791,B,2260.8061907297933,397.6564662082863,6815.866316912765
ID772,B,2566.271141980609,386.235860690074,7560.165869253905
ID275,B,2712.514900256622,375.00025163056125,8010.5395283617745
ID631,C,2545.922617496912,413.71365636919563,-366.7505354245254
ID732,A,2098.1386940028824,416.2652865483406,6154.732173449613
ID771,A,2872.6736656211506,410.12625302031415,8837.40877418797
ID407,A,2417.308964965743,383.4017773040631,8038.725421458402
ID435,A,2444.9577801206474,401.72950030578835,7907.167479431088
ID157,C,2698.607888359417,408.4481057076654,95.44545761728205
ID374,A,2825.1372311918894,420.5995752793617,9054.92919994718
ID353,C,2230.4519710694603,398.2671179519539,1282.001376424515
ID730,A,2654.0068278481604,407.467233213221,8687.089611932355
ID828,B,2150.8169547670427,380.17881549193004,6255.373598660536
ID860,C,2094.39629195071,396.01209917530167,379.13975167734384
ID255,B,2520.9331810623175,377.34754207297357,7464.313699163964
ID779,C,2652.333403058954,406.2444834119798,488.2771094414479
ID720,C,2669.6360878177907,365.8501396133827,360.8301421562087
ID747,B,2800.7284655681487,408.78464633748393,8694.161179013323
ID555,B,2956.1237808837877,396.7593325778168,8072.825320390487
ID283,A,2182.840475611296,396.79863679796966,6925.833041113666
ID622,C,2655.0898033653402,403.8720842526341,663.3234466366971
ID415,B,2832.2432149569395,376.6940702436605,8057.143172744986
ID864,B,2464.3765308062343,378.1783575792456,7112.456363101336
ID357,A,2722.94362023941,395.82387926541696,8392.710949109744
ID196,A,2311.9733730568996,415.0755466982741,7687.599647836116
ID311,C,2168.030397545668,388.27179458904067,913.4862287098974
ID406,B,2821.1888424011413,406.97216604966025,8342.199644545264
ID330,C,2457.793169077128,405.21906050790136,517.908510062402
ID825,C,2415.3019069256725,385.1301955922194,236.3900499579663
ID636,B,2379.7421293302787,374.6840255995087,7130.569729542275
ID323,A,2871.1667673289753,391.9256248148092,9358.303707028335
ID101,A,2938.534831372934,386.86452529418654,9305.76423916324
ID810,B,2424.4219541560983,381.8861349335637,6740.893676022303
ID453,B,1882.8166355519543,391.3910779523323,6079.410096121867
ID143,C,2280.4264304786275,413.08985261777667,726.2769409578505
ID675,A,2136.047807966929,420.9778670350499,6999.698378301624
ID110,B,1991.982472189828,390.6975985410226,6919.878926214906
ID793,A,2481.78206137816,386.3450520815296,7657.333175656836
ID807,A,2702.5679411154056,382.26521091770405,8766.822117431697
ID768,B,2252.6731784354447,433.60021395086704,6710.716229876218
ID603,C,2964.1451014331233,383.122749755277,59.182357902124295
ID687,C,2325.275062946641,399.1986813914944,655.4599117939777
ID178,B,1877.1966277567897,407.01445431257105,6446.835518618187
ID485,C,2590.0177517692505,391.8320489372764,347.8013723876875
ID138,A,2207.0445170440785,408.46841913881957,7055.469987329705
ID551,B,2158.916345777992,392.36344829403583,6757.103095104134
ID778,C,2207.1130499191577,408.86392850597554,687.6968867545181
ID147,B,2405.4656326850763,407.45957375448927,7298.229886014491
ID695,B,2477.2975231534447,385.33498893055184,7786.029441114926
ID842,A,2040.278814415885,405.3900741411903,6732.9047371917
ID580,C,3270.6733860766076,418.2969742896831,-588.7314905601402
ID149,C,2498.342528062481,394.1414708299537,152.46598241880474
ID354,A,2469.9922108754095,356.15301380369294,7790.393369461412
ID569,C,2784.8072678499,392.3562812089135,78.97639207482553
ID564,C,2701.273908702358,400.5783780976089,661.2472033404615
ID473,C,2684.3167229673986,396.84780299356464,-98.45975578327489
ID461,A,2296.967512631887,421.5339286332735,6914.856568933537
ID758,C,2592.498690902813,395.42776038799076,563.4635731391118
ID533,B,2814.943153924596,421.1562248124538,8062.855005637473
ID629,A,2297.1076363709612,398.5488344240974,7534.957857681675
ID417,A,2758.5515445674678,390.6354236694584,9180.175807517935
ID296,B,2995.608771703084,400.78715358309864,8826.54501786557
ID327,C,2251.904202703395,381.63025606874857,525.8496502463008
ID458,C,2613.2563641928014,421.87029866613886,877.5703079712544
ID329,B,1904.391499435177,401.7538023539052,6510.904924464122
ID420,B,2493.864050846815,383.82588680023184,7661.712574729936
ID752,B,2886.9821673327724,387.1464094620191,8991.473214421037
ID677,A,1923.0079071356013,405.4382695834602,6272.851757691711
ID486,B,2656.873992006978,408.0773663374592,7671.0779933073445
ID289,B,2896.5035514115425,387.94678131032595,7776.17941513029
ID819,A,2389.104704694313,384.07334317756414,7131.551160948952
ID830,C,2775.6117244682864,388.3272931906255,664.7635843632088
ID527,A,2395.8502920176174,403.36671772640074,8118.199075574949
ID858,C,1934.9514194765509,402.8636717682545,586.987315375774
ID153,C,3104.0743044260425,395.19158997220137,-159.7383998485493
ID899,A,2285.833298944836,398.15822731899675,7671.2619128329525
ID246,A,2649.035907365386,413.1784456115184,8182.569787538394
ID243,B,2710.2485967599946,376.3883045130005,7536.87659070789
ID570,B,2170.364177960837,406.78823277443087,6730.865814654656
ID562,B,2197.0407462194744,416.91759963515574,6963.71090959562
ID478,A,2645.355614136802,401.88539792620804,8659.409714982761
ID663,A,2810.427069862997,385.42324720446385,8815.727491337342
ID302,B,2637.903551698283,425.9831564211844,7715.713426146396
ID617,C,3159.845854807878,393.58022341924794,-304.01661139723456
ID591,B,2197.5488579209286,397.8741856126865,6742.650559148853
ID717,C,2316.6342103205143,372.86983549554714,675.111996368491
ID500,B,2605.0898696057443,407.44650871886336,7491.9977908881165
ID645,B,2140.7505957240373,416.113684246095,7486.776231194554
ID531,C,2283.877130910353,400.2691012988901,945.8890339208967
ID190,C,1705.5933143376037,406.4191638484735,1362.8983033890977
ID727,A,2276.2130802297647,390.520168962412,7759.583718586082
ID876,C,2435.2512429270646,407.6307879935382,174.33359721011016
ID248,A,2607.8791766777904,377.1768755542001,8275.725817886918
ID685,A,3432.3632749245035,413.91468287223705,10699.761286407265
ID398,B,2698.2210196315723,402.85335828581793,7526.903282543131
ID691,C,2283.003334085142,388.4736726090259,1116.9728533435682
ID847,C,2407.0206669400795,382.1086434601445,-314.3513410517228
ID895,A,2839.0948323792477,403.3189820615495,9178.413815465687
ID501,C,2760.9833478533697,402.01198680031433,265.0504493961839
ID714,B,2662.867973775682,416.59056955753306,8341.799082047455
ID737,B,2700.1845944218935,404.8269749321916,8222.321754598306
ID594,A,2906.973843088249,403.5427987710055,9254.150166791245
ID365,C,2274.7022628542495,434.6114874985971,607.2731765932983
ID427,C,2749.1056707603257,395.66370150491167,207.3338077598146
ID782,C,2439.18075502915,406.2420194496208,511.6215832658254
ID716,A,2784.792446251662,415.142979438943,8804.147567935017
ID344,A,2603.9741519172935,416.5552137362767,8251.257792748516
ID715,C,2375.1634157773847,390.74756251873606,733.5780452940205
ID824,C,2418.9747435106638,400.15546788665586,383.17053852524805
ID144,B,2407.250166940203,407.90692238373487,8096.307326408407
ID806,A,2932.387072068647,396.7080470075824,9717.675997909393
ID263,A,2404.1922219656362,375.5502160372381,7603.40289399854
ID293,B,2585.5443469922348,375.21189513925003,7811.263960188246
ID832,A,2817.2608495838845,413.83966666624934,8768.429535794121
ID451,B,2389.6625977263493,410.45197387801994,7552.309795201883
ID776,C,2673.9548053836534,401.77840804499533,219.49784262738558
ID475,A,2492.7883126234155,395.67134091864455,7869.646332786438
ID238,C,2406.3735612350583,376.22981219573245,120.69022288896895
ID456,C,2267.2563114237228,414.4625425634129,811.7315142698164
ID553,A,2628.2089822372977,392.6549377722824,8860.70295609132
ID833,A,2752.269446078075,408.1616193041966,8408.047319308384
ID671,A,2600.836784505587,407.09016749392816,8569.30797422638
ID205,A,2540.801925993957,359.1951826754039,8893.501004579191
ID140,C,1475.3974841497602,408.8112039770873,1765.456859712372
ID463,B,2688.015043894488,432.074461071215,7453.2233501139035
ID851,B,2150.4493954537274,378.11872756485974,6232.690264812268
ID362,B,2568.359806061634,414.992561521677,7970.5942729185435
ID282,A,2597.2959013500936,410.9023023449267,8104.327788672898
ID504,C,2884.7727816000483,409.71895196645795,-66.90180702338239
ID295,B,2888.6328643258425,409.5343912803722,8301.246070364497
ID637,C,2994.1600276868926,405.2748926947059,-41.047172148807476
ID877,B,2183.714235939565,395.5536394046889,7106.259662966501
ID841,C,2637.6663817477147,392.5402025769628,-158.72774912757632
ID223,B,2345.2868658684083,371.75551306647475,6949.429062636875
ID802,A,2745.3735493729455,408.0708206939113,9118.797633461609
ID245,C,2231.6073141935394,370.78082440101224,765.222282237218
ID445,C,2443.684693447884,368.28662329969666,4.7266585269699135
ID741,C,2064.8203871738137,390.2180182811298,1037.0301815968983
ID299,A,2087.8653089976524,409.7068639162191,6623.71309631679
ID457,B,2785.5285105518274,395.17489384441427,8530.77568557814
ID529,A,2243.219905940497,391.8585109056181,7277.549914349058
ID620,B,2495.770099033711,394.36596835607526,7123.460888050303
ID183,A,2846.408431251381,393.65740929533507,8679.797394941252
ID211,A,2373.4765167975547,390.92493172024115,7306.095725641308
ID577,C,2975.7490676444595,395.6314816246604,-169.0523792183103
ID643,C,2788.4249667844547,432.20461241920924,353.81664814871874
ID568,C,2585.8593937089545,387.76686154224024,14.252377305129812
ID805,A,2586.949828970251,395.2997698582186,8145.973164808342
ID672,B,2972.780731796959,413.6312877697224,7790.716145469189
ID342,C,2541.5871266948557,408.8447299873197,867.2247583279368
ID390,C,2580.8005590011685,406.8826048813336,397.958626314879
ID648,C,3236.7048505268135,390.9927342426104,-675.0317343437482
ID891,B,2554.516411410326,369.9340037430758,7972.3833577919595
ID229,C,1699.8591238491342,377.8348686096428,1138.1422994512752
ID470,A,2441.9461555809107,377.0197400464137,8299.85901639581
ID749,A,2622.0168114721487,419.037676326343,8284.544516285272
ID113,B,2561.747488714074,399.42422824435937,7592.888921736506
ID661,A,2915.685155010082,403.16315786942795,9160.906588935444
ID879,B,1973.1967642093446,397.42848069958063,6340.610938001117
ID678,B,2668.351375791679,394.96767742907804,7822.816751196545
ID615,A,2725.8926967672223,379.5288702791125,8787.306939482016
ID552,B,2335.5315264076853,388.1209586588649,7695.379552945721
ID439,C,2575.5905096328606,402.558625377954,814.2444816021853
ID448,B,2619.2312222530154,426.41199485821664,7723.451090453083
ID859,A,2480.234265169516,400.84334691677867,7602.6295146048415
ID150,B,2456.9984518333317,397.41116268995967,7346.550428484461
ID601,C,2262.418736166444,388.54168978071016,744.0695845118787
ID148,B,2885.362225070737,387.8837869737501,8397.764325826829
ID796,B,1902.6349742964935,405.4238588871244,5933.016092490949
ID199,B,2637.3388415499335,405.0209163302278,7745.0755408768055
ID225,A,2293.3148431655986,383.0110502736911,7160.029990768262
ID314,B,2654.607453557922,402.85202356047614,7916.656058424187
ID120,C,1983.7662008904992,411.20781001528485,1022.797373395543
ID729,A,2425.242020752728,416.59552659942847,8101.8698601740325
ID709,A,2317.0332156266304,397.9764410168357,7458.5005584934825
ID372,C,1696.145702381278,365.4328993623034,1172.1063508508473
ID510,C,2457.0003539285754,394.8204693316005,407.3620898217514
ID449,A,2608.0220546823302,397.78946654462544,8505.981193448413
ID679,B,2929.681986162414,405.8798454763064,8257.74158963203
ID250,C,2261.2354075726494,397.48125882729556,687.791946983323
ID703,A,2688.7532948403677,393.81453899647124,8539.854579558598
ID846,C,2376.2472946080966,360.2031764943911,312.32095705334655
ID886,A,2343.7535824827055,382.96165953527225,7624.743510212984
ID235,B,2980.179013748697,411.50006303920753,8658.752871441115
ID890,C,2224.4296836396534,396.4120217502707,325.3267929910837
ID762,A,2234.4271582230867,385.498550467306,6946.327429594908
ID786,C,2353.483166519038,394.7282524413015,673.1402701213281
ID880,A,2293.564302898597,406.71140406819615,7220.8862611326185
ID850,B,2423.9673071891657,422.08507953601577,7479.092836543145
ID202,A,2062.9452338541737,368.1461376532062,6416.2806862539655
ID520,A,2334.11427671258,405.6024014579106,7926.8565065765315
ID881,A,2647.5924855727417,401.63473653417617,8408.395211416408
ID237,A,2007.2573417124834,407.040512466853,5995.312975574706
ID700,A,2276.179432767968,413.76053590596666,7067.184411737824
ID517,C,2798.5904347988867,371.52445673876605,14.618025027844851
ID109,B,2623.90986786489,410.4001276130996,7956.0921494040995
ID326,B,1792.673608182627,364.70325304868453,6017.704001739605
ID436,C,2094.384487735183,419.4512515594308,1032.3257126665824
ID760,A,2804.1510002040845,389.43543976231786,8625.575704612527
ID252,B,2684.751348268902,385.2738975572147,7814.985793091628
ID821,A,3312.0877434437675,400.0207853771926,10881.378923539976
ID896,B,2504.844133419562,385.1827789203339,7786.23655620852
ID373,C,2197.6965542451035,378.51853074281235,451.7071240392879
ID472,B,2342.390624297815,395.7590218824595,6894.653237079065
ID186,B,1938.2503176128685,392.4488553201917,6324.232852970163
ID815,C,2612.3127219696566,420.1185090137825,221.87974746982854
ID719,A,2590.012573844232,379.29248755274136,7904.819320919169
ID352,B,2403.2505359558754,397.6000724164406,6999.983868731164
ID826,C,2635.704930112697,421.04790200878887,711.4943795053482
ID145,B,2942.140774983594,413.9275716045926,8238.211813178314
ID680,B,1941.7799614776081,368.71343160372675,6351.510120942732
ID756,C,2238.4732822030905,386.61236808271394,474.0260565926055
ID575,A,2601.9659698095948,362.0584685211258,9025.487637518032
ID515,C,2134.277815664686,382.7705962117852,1099.9629157553327
ID155,A,2319.732138172677,408.31719756405073,7763.816714176712
ID844,B,2890.3382586168705,402.1125735244912,8067.420212285386
ID491,C,2201.1338598333873,377.1738153304444,878.7231162991357
ID754,B,2461.866783148698,400.18182850793505,7175.033335285908
ID561,C,2533.923755076511,411.65354032347545,664.6958086873874
ID423,A,3049.0102612622695,403.7474437932918,9281.875456358528
ID389,C,2340.2281571078724,393.37246494352377,782.6921229212937
ID684,C,2491.4998564508514,390.5908913521531,722.4063688797423
ID480,C,2513.5228419404575,391.7842400741599,432.1398826831637
ID188,C,2895.754123137574,409.2306653603951,421.80362807500387
ID800,A,2571.2525858597514,380.02675587398465,8796.337992001094
ID817,C,2464.8159657974743,384.9264779844308,730.3090648330935
ID781,B,2570.0545759422757,432.0489536080146,7302.516052642213
ID335,B,2636.944778642902,394.65248851374366,7656.945724365983
ID744,C,3084.0064887409126,399.29146568638674,-412.0261773611478
ID339,B,2666.152930216165,402.9607617521444,7448.498357879453
ID868,A,2661.9236751210033,376.1472493284979,8335.301587293794
ID702,B,2258.5561302369733,388.3803441724163,6825.562404076483
ID579,A,2244.5803822153225,385.32273625803106,7154.099809949923
ID135,A,2130.473370791322,398.0886476323251,7320.525904984809
ID750,C,2350.6933950730704,380.18377824407787,172.0393154550834
ID523,A,3024.5239345619116,392.3576716338519,9696.805051504003
ID102,C,2266.8867399604396,385.59457989044586,311.4848419444784
ID652,B,2883.6904494916316,405.7738438574306,8446.602638403421
ID633,C,2431.0421042945995,391.12125128443773,542.8879894038287
ID884,A,2256.274175554002,380.5773594371723,7520.70938203593
ID321,C,1903.972758655105,424.40918334281133,480.08877732558676
ID689,B,2231.824162808936,430.91562072216914,6918.901600335894
ID549,A,2802.4402902755537,385.58226965623913,9163.861054904537
ID474,C,2424.1637979988723,375.05909705506656,1042.4789098951583
ID430,B,1933.9666457090275,398.654771795869,5906.004981220793
ID340,B,2562.282048249501,422.65880498003287,7458.270318557319
ID827,A,2555.6263483484354,406.0639327508144,8271.597378853356
ID705,B,2501.40197263561,389.68503541843324,7202.536002683853
ID865,C,2252.533014364188,414.70717864313343,270.9889121758665
ID174,C,2037.7376895434843,425.3932300750251,1542.7928845738325
ID131,C,2938.455885921077,413.00090892901704,674.9576965831452
ID639,C,2188.9880027232193,378.3135441912059,1440.216028806853
ID267,B,2289.2059587760273,400.8752816515517,7228.266041034609
ID487,B,1871.695033485265,393.88813322235325,6124.472708521425
ID512,B,2272.0693391329733,385.9783640011727,6852.052508710663
ID492,A,2695.16379812139,388.35387339598213,8608.604620167138
ID385,C,2686.7980355451996,380.77167004706814,-68.50644592134586
ID499,C,2859.3612595418267,408.4950279342387,258.87959463871584
ID558,B,2302.3524979520457,386.00915695511674,7283.7674127541895
ID185,A,1949.5811736523628,389.23433382305257,6355.970415908815
ID268,B,2918.926164334689,398.3379877156459,8403.532625420297
ID718,A,2705.1921687646563,399.4253641802252,8946.9767562123
ID502,B,2668.6526497610575,406.85849099238357,7617.327664960056
ID236,A,2187.3758711066607,407.42422674460767,6902.422430132077
ID167,C,2213.1877069299508,408.9650910590554,1610.730875484649
ID194,A,2425.497493152702,408.85934982194834,7887.437660706561
ID165,A,2059.711079004607,394.9439344389971,6790.3749052913645
ID320,B,2743.0589625908824,399.6507913536231,8351.241601972311
ID726,C,2567.0451834922824,394.2049074495217,632.9377679042191
ID280,A,2544.4045974163537,414.2118791724094,7779.3036882627375
ID198,A,2920.9880545389256,372.86280370205293,9208.799097691082
ID592,C,2198.9416161477106,386.4218987789692,29.912860200897285
ID369,C,2545.664616644827,393.03136256839696,140.42950458519272
ID712,B,2682.426624758,423.0096577415008,8000.7758535583525
ID124,A,2478.980062553404,375.87642571396,7997.2172349312605
ID253,C,2015.2191358892978,401.51709457676736,849.2838300461513
ID129,B,2361.851097342043,359.8356265787535,7310.716421032088
ID606,C,2466.734030101028,424.6946661222896,150.62790828761854
ID331,C,2371.0214211093707,401.48870920957927,218.8516423339538
ID885,C,2529.177484652389,390.5707351649094,203.9416728384349
ID632,A,2495.485716837666,400.8144063071103,8039.560981460523
ID743,C,1965.940258910875,401.54835402001635,736.497771758756
ID761,A,2362.7941090319705,412.0699180506076,7956.127339890832
ID349,B,3028.5163934375423,398.9167566917051,8827.119513324467
ID378,C,2706.485259715683,384.08109664709224,74.12507920976668
ID438,B,2404.279194663185,416.56704139213923,7644.707324865198
ID306,C,3135.1336165416874,437.9467068162866,-291.8347792675436
ID550,B,2621.06395331232,379.4621911665758,7841.744770999019
ID566,C,2617.203100285005,390.61056897730526,233.85947430446413
ID386,A,2836.397762015777,400.1120604669044,9340.613668446988
ID735,C,2939.0750726567203,410.8037634113362,-109.29964761256133
ID471,C,2867.352214035117,386.7674733804383,627.5108448234237
ID690,B,2048.859714983817,407.8873937904931,6625.307832497478
ID813,A,2505.6896783907523,405.26736869928175,7737.92921352956
ID104,A,2363.1615233952784,401.334506422578,7579.462471585815
ID206,B,2276.8254074970273,379.26228129370554,6690.805809506424
ID511,B,2421.5588078291275,409.684921839123,6821.643180442034
ID151,A,2159.2973167202845,404.4384532015845,7096.4346739833
ID387,C,2742.784146868704,435.2794637331221,54.3564627169917
ID738,A,2236.204605086554,378.2881982671877,7431.013691746877
ID111,A,2280.849370490732,394.2804146467519,7488.415989997191
ID288,B,2242.202191750889,389.5885771680498,6657.3155184478455
ID273,B,2935.2214579872616,419.2226729127175,8684.50262146604
ID409,A,2917.6241211355705,406.95963583592385,9219.479843506178
ID426,C,3139.608907691562,428.0107667428394,89.19446821598194
ID396,B,2005.736018528771,383.18369795130985,6711.144129743427
ID634,B,1850.0097946534684,393.4631500005874,6497.8672610279245
ID746,A,2674.9658515626825,410.9085983678438,8528.618907518965
ID775,B,2428.493922271685,401.9931147208323,7259.509020912374
ID657,A,2775.7411435214635,396.7542488569053,8984.070060111751
ID882,C,2762.4052553381043,371.18995519325676,-92.90689831388681
ID130,C,2252.2523639000506,414.1391773094941,932.978439517113
ID872,C,2511.461432725539,398.72270524706676,650.5214670149489
ID628,A,2234.34803233154,413.94754381266745,6735.216048849897
ID164,A,2856.462044772499,412.52361277830545,8914.965365785418
ID494,A,2428.1004667512066,384.89124237531263,8264.29948011964
ID674,A,2591.221079366345,402.7248817240843,8516.16415189511
ID189,B,3009.798592115462,393.67360167664714,8390.914178986337
ID668,A,2287.437760524262,425.6532683242756,7281.151548421842
ID567,A,2448.5861868199045,396.0788939702509,8715.028269994365
ID699,B,2130.6061360028634,383.07559881751513,6362.770928236868
ID870,B,2097.673014376276,387.09130914798067,6247.873051760258
ID490,C,2798.855135810777,374.86891499876356,32.136205404486645
ID495,B,2721.1614796904632,399.70978950884125,7805.519108979428
ID525,A,2436.751678358229,411.465611336304,7788.196740600061
ID839,C,2257.053602045713,395.5013354166776,979.1806294052622
ID401,B,2400.8835067454897,420.12669178100396,7160.039908749348
ID535,C,3067.5453518396685,415.9593839947444,-347.56596579877123
ID739,B,2230.545719447534,389.87671016194565,6725.731001428038
ID829,A,2733.6194052530745,401.21754446429713,8171.2681812402325
ID612,B,2748.794957226415,385.09158929713345,8095.843602383889
ID356,A,2568.0573183775673,369.4328598804351,8432.607131964283
ID118,A,2243.485413126685,415.45136916450537,6991.783881717299
ID742,A,2476.0002138103214,383.5342033616799,8146.081518126315
ID260,B,2167.5157833555018,385.7022400817294,7194.226514236736
ID460,A,2263.4512049936834,391.13020815690544,7660.299333485769
ID315,C,2817.325945524039,383.7354133500148,-249.85195443705152
ID483,B,2751.953112660781,383.27961877474326,7357.295362328165
ID605,A,2849.8271293952203,390.4681869931253,8967.687499672964
ID162,C,2755.244728928401,386.075448409867,-299.22022610114254
ID780,B,2274.27186808138,401.5677839435848,6922.064807255616
ID708,A,3048.8568988764064,407.3924190784438,9466.234806671808
ID361,B,2610.718657294043,383.7886247360817,7671.924404990434
ID759,B,2429.214893035594,412.2585505594037,7320.605105464712
ID820,B,1951.4675384733773,405.6691480532796,6623.253557927004
ID736,C,2908.0284007592536,397.604790936637,109.84976954881859
ID748,A,2733.291253683329,400.05159172689105,8690.896087447978
ID650,B,2312.142925391652,407.6701389418513,7090.582801078544
ID777,C,3137.362817231333,393.4786325721882,-351.34618186604257
ID644,A,2874.4549097872286,400.61974054277266,8754.324014725047
ID816,A,2550.660447335952,381.94291245416287,8383.034827590127
ID497,B,2452.5238020421193,416.2615154340498,7004.05841045294
ID425,B,2451.1768818236096,394.2207239277999,7300.286493521326
ID437,A,2425.065196692054,396.88712812501046,8074.68393048687
ID122,B,2400.1480437980586,369.96314996915385,7479.4802564123065
ID192,A,2462.6997079750804,409.20610066292375,8283.747612920783
ID522,B,2680.5574985471885,401.6358560455938,7871.11590551759
ID197,C,2610.3263724140256,414.7137094248632,400.46992927859264
ID428,C,2670.420581690171,391.16713106921645,-157.60694516119293
ID843,B,2979.573725771703,394.72890333065004,8897.124089370416
ID466,B,2011.4505672370628,377.8494907548707,6290.169183766925
ID358,B,2570.1582694665494,395.93454671723043,7466.0313444813155
ID429,C,2327.8851229170846,398.7301309209429,865.4673203876223
ID277,B,2699.3977658087333,378.83188911633925,7626.006805696229
ID133,B,2829.838796039431,421.69621447320463,8509.955750374505
ID159,A,2226.682175601521,384.9128032481729,7604.075859383241
ID818,C,2443.285803502066,393.51780493366135,423.9068965196393
ID247,A,2340.009041229983,397.852711379897,7249.686975802798
ID518,B,2293.524774997823,389.96440663665516,7167.651111548882
ID728,A,2514.395930857696,417.2685091709307,8509.847652594552
ID177,B,2353.2889939819697,409.3306986494981,7424.443177568015
ID539,A,3148.3447448626525,402.4134849365226,9446.401988723168
ID835,B,2121.2851894776677,386.255615670366,7226.092188897594
ID317,A,2242.4080822877245,416.6123060696429,6963.883345795697
ID258,B,2549.33647661287,417.88231232393116,8016.41666929022
ID855,B,2355.3854607044987,382.6486677235494,7754.100613161846
ID900,A,2369.7337991847103,395.8220388427287,7524.583688673067
ID239,A,2753.5405544566,362.06951603406446,8436.221395239765
ID169,A,2718.0290913372155,418.8197956517762,8659.573568923228
ID740,A,2485.8595375152745,395.5075885784313,8015.828072615739
ID137,A,2308.6864109112944,413.456414441339,7594.534395486915
ID765,A,2293.5864146354947,398.7645626397428,7669.108420447636
ID862,C,2137.1444489653554,387.46323444346604,316.39387121337154
ID419,B,1953.8362069554944,373.62506825298925,6553.025388337539
ID221,C,2430.4378864436735,395.4238789348188,448.81829331181143
ID391,A,2063.360437980198,391.0823397820202,6823.852369536606
ID218,A,2633.312447459328,402.597184414086,8566.554101257912
ID112,A,2494.335110797277,404.0848605529462,7969.026135857381
ID596,A,2537.968760577584,405.4567746951756,7803.941728619423
ID175,A,2508.533755183914,393.66117368745387,8099.32656285653
ID123,A,2363.7416078421047,412.230313996571,7735.484657606886
ID447,B,2373.8377712084916,419.4657746945825,6824.498695580211
ID411,A,2610.186370508315,419.8348894023767,8123.994441243996
ID184,A,2367.029424473601,396.3375965056083,7946.424848146329
ID364,A,2591.336990469034,419.105865785586,8108.607554696544
ID600,B,2938.3667179337726,385.66262578389586,8371.725825527428
ID528,C,2403.985893392052,392.9168104089764,165.61992034923333
ID379,A,2078.0110795680275,394.92953278100214,7013.117649088556
